{"stats":{"minecraft:dropped":{"minecraft:wheat_seeds":2},"minecraft:picked_up":{"minecraft:wheat_seeds":2,"minecraft:dirt":3},"minecraft:mined":{"minecraft:tall_grass":8,"minecraft:grass":13,"minecraft:grass_block":3},"minecraft:used":{"minecraft:dirt":3},"minecraft:custom":{"minecraft:jump":163,"minecraft:time_since_rest":4143,"minecraft:damage_dealt":30,"minecraft:play_one_minute":4143,"minecraft:leave_game":2,"minecraft:sprint_one_cm":16325,"minecraft:time_since_death":4143,"minecraft:walk_on_water_one_cm":87,"minecraft:walk_one_cm":2416,"minecraft:drop":2,"minecraft:fall_one_cm":4089,"minecraft:fly_one_cm":56948}},"DataVersion":2586}